[
  {
    "elementType": "geometry",
    "stylers": [
      { "color": "#e8f5e9" }
    ]
  },
  {
    "elementType": "labels.icon",
    "stylers": [
      { "visibility": "off" }
    ]
  },
  {
    "elementType": "labels.text.fill",
    "stylers": [
      { "color": "#4e944f" }
    ]
  },
  {
    "elementType": "labels.text.stroke",
    "stylers": [
      { "color": "#e8f5e9" }
    ]
  },
  {
    "featureType": "administrative",
    "elementType": "geometry",
    "stylers": [
      { "color": "#c8e6c9" }
    ]
  },
  {
    "featureType": "poi",
    "elementType": "geometry",
    "stylers": [
      { "color": "#dcedc8" }
    ]
  },
  {
    "featureType": "road",
    "elementType": "geometry",
    "stylers": [
      { "color": "#ffffff" }
    ]
  },
  {
    "featureType": "road",
    "elementType": "geometry.stroke",
    "stylers": [
      { "color": "#c8e6c9" }
    ]
  },
  {
    "featureType": "water",
    "elementType": "geometry.fill",
    "stylers": [
      { "color": "#b2dfdb" }
    ]
  }
]
